<?xml version="1.0"?>
<mods xmlns="http://www.loc.gov/mods/v3" xmlns:mods="http://www.loc.gov/mods/v3"
  xmlns:xsi="http://www.w3.org/2001/XMLSchema-instance" xmlns:xlink="http://www.w3.org/1999/xlink">
  <titleInfo>
    <title>Cream of the Crop</title>
    <subTitle/>
  </titleInfo>
  <name type="personal">
    <namePart>"Macho Man" Randy Savage</namePart>
    <role>
      <roleTerm authority="marcrelator" type="text">Wrestler</roleTerm>
    </role>
  </name>
  <name type="personal">
    <namePart>"Mean" Gene Okerlund</namePart>
    <role>
      <roleTerm authority="marcrelator" type="text">Host</roleTerm>
    </role>
  </name>
  <typeOfResource>still image</typeOfResource>
  <genre authority="lctgm"/>
  <originInfo>
    <dateIssued/>
    <publisher/>
    <place>
      <placeTerm authority="marccountry" type="code"/>
    </place>
    <place>
      <placeTerm type="text"/>
    </place>
  </originInfo>
  <language>
    <languageTerm authority="iso639-2b" type="code">eng</languageTerm>
  </language>
  <abstract>Unjustitifiably in a position that I'd rather not be in, but the cream will rise to the
    top.</abstract>
  <identifier type="local"/>
  <physicalDescription>
    <form authority="marcform">nonprojected graphic</form>
    <extent/>
  </physicalDescription>
  <note/>
  <subject>
    <topic/>
    <topic>cream</topic>
    <topic>magician</topic>
    <topic>snow</topic>
    <topic>ski goggles</topic>
    <geographic/>
    <temporal/>
    <hierarchicalGeographic>
      <continent/>
      <country/>
      <province/>
      <region/>
      <county/>
      <city/>
      <citySection/>
    </hierarchicalGeographic>
    <cartographics>
      <coordinates/>
    </cartographics>
  </subject>
</mods>